{"cameraMode":{"drawMode":0,"name":"Shaded","section":"Shading Mode"},"sceneLighting":true,"audioPlay":false,"sceneViewState":{"showFog":true,"showMaterialUpdate":true,"showSkybox":true,"showFlares":true,"showImageEffects":true,"showParticleSystems":true},"in2DMode":false,"pivot":{"x":5.855956077575684,"y":-2.3919858932495119,"z":0.0032496731728315355},"rotation":{"x":0.7049643397331238,"y":-0.005320178810507059,"z":0.005286327097564936,"w":0.7092065215110779},"size":23.259544372558595,"orthographic":true}